id,first_seen,last_seen,employer,role_title,location,country,source_url,bucket,fit_score,score_breakdown,visa_flag,language_flag,seniority_ok,deadline,contact_match,status,applied_date,last_contact,next_action,notes
001,2026-09-21,2026-09-28,RBB Economics,Associate (general application),All offices,EU/UK,https://cezanneondemand.intervieweb.it/rbbecon/jobs/2627-application-to-rbb-economics-63289/en/,A-economic-consulting,9,quant3+client2+sector2+sen2+loc1=10 capped 9 (no stated sector match),none,none,yes,rolling,,drafted,,,review and submit,Verified live via rbbecon.com/careers. Year-round intake. Portal 403s to bots; apply manually.
002,2026-09-21,2026-09-28,DIW Econ,Analyst | Economic Consulting (f/m/d),Berlin,DE,https://diw-econ.de/en/career/analyst-economic-consulting-f-m-d/,A-economic-consulting,8,quant3+client2+sector1+sen2+loc0=8,none,business_german_required,yes,,,drafted,,,review and submit,Live. Requires 'very good written and spoken German'. LANGUAGE OVERRIDE 2026-09-27 - drafted at Gianluigi's direction. Apply by email to bewerbung@diw-econ.de; include start date and salary expectations.
003,2026-09-21,2026-09-28,Charles River Associates,"Analyst, European Competition (2027 Bachelor's graduates)",London,UK,https://job-boards.greenhouse.io/charlesriverassociates/jobs/8186465,A-economic-consulting,4,quant3+client2+sector2+sen-3+loc0=4 (cohort mismatch),sponsorship_required,none,no,rolling,,drafted,,,review and submit,Live. Posting is for BSc graduating Dec2026-Aug2027. COHORT OVERRIDE 2026-09-27 - drafted at Gianluigi's direction. UK sponsorship required. Transcripts needed.
004,2026-09-21,2026-09-28,McKinsey & Company,"Research Analyst, German Businesses and Markets",Germany,DE,https://www.mckinsey.com/careers/search-jobs/jobs/research-analyst-german-businesses-and-markets-2694,C-strategy,,,,,,,,expired,,,,dead-link: URL redirects to generic careers landing page. Role filled or withdrawn. Confirmed 2026-09-27.
005,2026-09-21,2026-09-28,Guidehouse,Consultant - Energy and Climate Policy,Berlin or Cologne,DE,https://guidehouse.wd1.myworkdayjobs.com/en-US/External/job/Consultant---Energy-and-Climate-Policy_20387,B-energy,9,quant3+client2+sector2+sen2+loc0=9,none,business_german_required,yes,,,drafted,,,review and submit,"Live. 'German advanced' compulsory. LANGUAGE OVERRIDE 2026-09-27. Best domain fit on the list - thesis maps directly. Berlin or Cologne, on-site. SWEEP 2026-09-28: COULD NOT RE-VERIFY. Workday req returns metadata only; CXS API 403. EuroClimateJobs mirror of this exact req now returns HTTP 410 'this job has expired'. Aggregator copy gives original post date as 2024-11-05. Not confirmed dead from Guidehouse's own page, so left as drafted - VERIFY IN A BROWSER BEFORE SUBMITTING."
006,2026-09-21,2026-09-28,Prognos,Consultant (d/f/m) Energy Transition,Brussels,BE,https://jobs.prognos.com/27-consultant-d-f-m-energy-transition/en/job.html?persisted_lang=en,B-energy,8,quant3+client2+sector2+sen1+loc0=8,none,business_german_required,yes,,,drafted,,,review and submit,"Live (URL needs ?persisted_lang=en). Proficient German required. LANGUAGE OVERRIDE 2026-09-27. Ref WEI-18, start 'immediately' vs contract to 1 Feb 2027. SWEEP 2026-09-28: LIKELY WITHDRAWN. Job page still returns content but the vacancy is no longer listed on jobs.prognos.com/index in either language (only Waermewende + a Volontaer role remain) and no apply button was detectable. VERIFY BY EMAIL BEFORE SUBMITTING."
007,2026-09-21,2026-09-28,Alvarez & Marsal,"Analyst (m/f/d), Valuation Services",Munich,DE,https://careers.alvarezandmarsal.com/jobs/17618010-analyst-m-slash-f-slash-d-valuation-services,C-strategy,5,quant2+client2+sector0+sen1+loc0=5,none,business_german_required,yes,,,drafted,,,review and submit,Live. Business German plus prior valuation/Big4 experience. DOUBLE OVERRIDE 2026-09-27. Weakest fit of the six; Munich-based so no relocation.
008,2026-09-28,2026-09-28,Charles River Associates,Consulting Associate (European Competition practice) - m/f/d,Duesseldorf and Munich,DE,https://job-boards.greenhouse.io/charlesriverassociates/jobs/1695252,A-economic-consulting,10,quant3+client2+sector2+sen2+loc1=10,none,none,yes,rolling,,new,,,review for Thursday draft,"VERIFIED live, full application form. Language line: 'Fluency in English, other language skills are considered an asset.' No cohort gate. Asks 'at least 6 months of relevant work experience, within economic consulting or with a competition authority' - he clears it. Munich-based, no relocation. Posting date not shown by Greenhouse."
009,2026-09-28,2026-09-28,Charles River Associates,Consulting Associate (European Competition practice),Brussels,BE,https://job-boards.greenhouse.io/charlesriverassociates/jobs/2228810,A-economic-consulting,10,quant3+client2+sector2+sen2+loc1=10,none,none,yes,none stated,,new,,,review for Thursday draft,"VERIFIED live. Language line: 'Fluency in English'. 'Up to 3 years of professional experience, ideally in a consulting or competition policy environment' - fits ~2 yrs exactly. Form asks EU work authorisation; Italian passport satisfies. Posting date not shown."
010,2026-09-28,2026-09-28,AFRY Management Consulting,Analyst/Consultant - Energy & Bioindustry,Vantaa (Helsinki area),FI,https://afry.com/fi-fi/smart-recruiters-job/744000150034883,B-energy,10,quant3+client2+sector2+sen2+loc1=10,none,none,yes,2026-10-08,,new,,,review for Thursday draft,"VERIFIED, req REF15703W, apply button live. Posted 2026-09-17 - the only confirmed-fresh English-language entry-level hit in the energy bucket. Language line: 'Full fluency in English (oral and written) is a necessity, proficiency in any other language is a clear advantage.' 'Up to three years of relevant professional experience' for Analyst. Energy market modelling and scenario analysis - direct thesis match. DEADLINE 8 OCT."
011,2026-09-28,2026-09-28,Analysis Group,Analyst - Generalist - London (2027 Start Date),London,UK,https://analystcareers-analysisgroup.icims.com/jobs/2956/analyst---generalist---london-%282027-start-date%29/job,A-economic-consulting,9,quant3+client2+sector2+sen2+loc0=9,sponsorship_required,none,yes,rolling,,new,,,review for Thursday draft,"VERIFIED. No language requirement anywhere in posting. No graduating-cohort wording, so a 2024 MSc is not excluded. 'Relevant work experience is a plus, but not required'; requires a quantitative master's. Visa: 'Analysis Group will provide immigration support to eligible candidates' - sponsorship-capable but not guaranteed. NOTE 2027 start is later than the 1 Feb 2027 contract end - possible gap. Body text only renders via the ?in_iframe=1 variant."
012,2026-09-28,2026-09-28,Aurora Energy Research,"Advisory (Senior) Analyst, Italian Power Markets",Rome,IT,https://careers.auroraer.com/postings/e88b1fad-3d47-4529-bfd0-3eabc316cef8,B-energy,9,quant3+client2+sector2+sen1+loc1=9,none,unverified,yes,rolling,,new,,,review for Thursday draft,"VERIFIED page: Advisory dept, Permanent Full Time, Apply Now present. Native Italian is an advantage here. CAVEAT: Aurora serves requirements as a downloadable JD PDF, so the language line was NOT read - 'unverified' means no requirement appeared in fetchable page text. '(Senior)' is a dual-level posting; junior end in scope. Aurora publishes no posting dates."
013,2026-09-28,2026-09-28,Aurora Energy Research,"Advisory (Senior) Analyst, Origination - PPAs, BESS and Energy Contracting",Athens,GR,https://careers.auroraer.com/postings/994d810f-a91b-49cb-aecc-31d32a57804c,B-energy,9,quant3+client2+sector2+sen1+loc1=9,none,unverified,yes,rolling,,new,,,review for Thursday draft,"VERIFIED page: Advisory dept, Permanent Full Time, Apply Now present. Careers sitemap lastmod 2026-09-24, the only Aurora freshness signal available. PPA and battery-storage valuation work. CAVEAT: requirements live in a JD PDF that was not read; language unverified."
014,2026-09-28,2026-09-28,Aurora Energy Research,"Power Markets (Senior) Analyst, Client Solutions - EMEA",Madrid,ES,https://careers.auroraer.com/postings/3a3efc85-ecc1-4e32-a9cf-04b99aaccf0a,B-energy,9,quant3+client2+sector2+sen1+loc1=9,none,unverified,yes,rolling,,new,,,review for Thursday draft,"VERIFIED page: Software Solutions dept, Permanent Full Time, Apply Now present. CAVEAT: requirements in JD PDF, not read; language unverified. Posting date unknown."
015,2026-09-28,2026-09-28,Aurora Energy Research,"Research Analyst, Warsaw",Warsaw,PL,https://careers.auroraer.com/postings/d25f4fda-8c21-4d07-b8c0-1245f7d6d93f,B-energy,9,quant3+client1+sector2+sen2+loc1=9,none,unverified,yes,rolling,,new,,,review for Thursday draft,"VERIFIED page: Research dept, Permanent Full Time, Hybrid, salary stated as zl113,450/yr (~EUR26k - low; weigh against relocation). CAVEAT: requirements in JD PDF, not read; language unverified. Posting date unknown."
016,2026-09-28,2026-09-28,Aurora Energy Research,"Advisory Analyst - Poland, Czechia and Slovakia",Warsaw,PL,https://careers.auroraer.com/postings/cc4c95cb-46e2-430c-8c3f-e97773bedfc0,B-energy,9,quant3+client2+sector2+sen2+loc0=9,none,unverified,yes,rolling,,new,,,review for Thursday draft,"VERIFIED page: Advisory dept, Permanent Full Time, Apply Now present. CAVEAT: a CEE language is plausibly expected for a PL/CZ/SK advisory desk but the JD PDF was not read - loc scored 0 for that risk. Confirm language before drafting."
017,2026-09-28,2026-09-28,Aurora Energy Research,Research (Senior) Analyst - The Netherlands and Belgium,Amsterdam,NL,https://careers.auroraer.com/postings/85726bf8-6c7a-4921-942e-fbb7f95e1e4a,B-energy,8,quant3+client1+sector2+sen1+loc1=8,none,unverified,yes,rolling,,new,,,review for Thursday draft,"VERIFIED page: Research dept, Permanent Full Time, Apply Now present. Dutch not stated on the page but the JD PDF was not read. '(Senior)' dual-level; junior end in scope."
018,2026-09-28,2026-09-28,Arthur D. Little,"Consultant (w/m/d) - Energy, Utilities & Resources",Frankfurt and Muenchen,DE,https://careers-adlittle.icims.com/jobs/2158/consultant-%28w-m-d%29---energy%2c-utilities-%26-resources/job?in_iframe=1,C-strategy,8,quant2+client2+sector2+sen2+loc0=8,none,unverified,yes,rolling,,new,,,CHECK LANGUAGE BEFORE DRAFTING,"VERIFIED that the URL resolves to this posting with an apply route - but ONLY with ?in_iframe=1; the clean URL redirects to ADL's generic careers landing page. Language line could NOT be extracted; the entire posting body is in German, so business German should be assumed until confirmed. Flagged rather than filtered because it is the only energy-sector consulting role found on German soil this sweep and the domain fit is direct."
019,2026-09-28,2026-09-28,QuantCo,Quantitative Researcher,"Europe (offices incl. Munich, Berlin, Cologne, Zurich, London)",DE/CH/UK,https://jobs.lever.co/quantco-/7b04ca8c-c7e8-449a-a25a-e5ba54f81346,F-data-analytics,7,quant3+client1+sector0+sen2+loc1=7,none,none,yes,rolling,,new,,,review for Thursday draft,"VERIFIED live. Language line: 'Business proficiency in English'; German never mentioned. Degree in economics/statistics/maths accepted, NO PhD required. Explicitly names causal inference - the single strongest methodological match found this sweep. Sector scores 0 (insurance/healthcare/pricing, not energy or competition). Listed for 'Europe' collectively, so Munich placement needs confirming at application."
020,2026-09-28,2026-09-28,QuantCo,Data Scientist,"Europe (offices incl. Munich, Berlin, Cologne, Zurich, London)",DE/CH/UK,https://jobs.lever.co/quantco-/3e18574e-ab5a-46a2-8714-a0221fb937e7,F-data-analytics,7,quant3+client1+sector0+sen2+loc1=7,none,none,yes,rolling,,new,,,review for Thursday draft,"VERIFIED live, two apply buttons. NO language requirement line at all in the posting. 'An interest in causal inference' named explicitly. Entry-level: experience 'from a previous research or industry internship or extensive course projects'. Same Europe-wide listing caveat as 019."
021,2026-09-28,2026-09-28,zeb,Consultant Banking & Finance (f|m|x),Amsterdam,NL,https://career.zeb-consulting.com/jobs/job/Amsterdam-Consultant-Banking-&-Finance-%28fmx%29/892923901/,C-strategy,7,quant2+client2+sector0+sen2+loc1=7,none,none,yes,rolling,,new,,,review for Thursday draft,VERIFIED. Posted 2026-09-17 - confirmed fresh. Language: 'You are fluent in English' / 'Dutch is a plus but not mandatory'. Degree line explicitly names econometrics. 'Initial experience in consulting or the financial services sector is a plus' - no hard bar. Sector scores 0 (banking/FS).
022,2026-09-28,2026-09-28,Analysis Group,Health Economic Modeler - London (2027 Start Date),London,UK,https://analystcareers-analysisgroup.icims.com/jobs/3000/health-economic-modeler---london-%282027-start-date%29/job,A-economic-consulting,7,quant3+client2+sector0+sen2+loc0=7,sponsorship_required,none,yes,none stated,,new,,,manual review,"VERIFIED, apply route present. No language line. Health-economic modelling - heavily quantitative but an HEOR specialism rather than causal inference, and sector scores 0 against his energy/competition profile. Same 2027-start gap as 011."
023,2026-09-28,2026-09-28,Agora Think Tanks,Project Officer / Project Manager Biomass Value Chains (f/m/d),Berlin,DE,https://agora-thinktanks.jobs.personio.com/job/2793093?language=en,E-policy,7,quant2+client0+sector2+sen2+loc1=7,none,none,yes,2026-09-30,,new,,,DECIDE BY 30 SEP,"VERIFIED. OUTSIDE THE 14-DAY FRESHNESS WINDOW - posted 2026-09-11, i.e. 17 days old - surfaced anyway because it is the best experience-level match found and closes in two days. Project Officer track asks only '2 years preferred (including internships/student work)'. Language: 'Full command of the English language in reading and writing; knowledge of other languages is a plus.' Biomass supply-cost and availability analysis."
024,2026-09-28,2026-09-28,OC&C Strategy Consultants,Associate Consultant 2027-28 - Analytics (London Office),London,UK,https://careers.occstrategy.com/vacancies/389/associate-consultant-2027-28--analytics-london-office.html,C-strategy,6,quant2+client2+sector0+sen2+loc0=6,sponsorship_required,none,yes,2026-11-08,,new,,,manual review,"VERIFIED. NO language requirement stated. No graduating-cohort restriction; start dates include MARCH 2027, which lines up with the 1 Feb 2027 contract end - the cleanest timing match found this sweep. 'Python is required'. Visa: 'We have a limited number of visa sponsorships available for this graduate role.' MUTUALLY EXCLUSIVE with 031 - London applicants may apply to one Associate Consultant position only."
025,2026-09-28,2026-09-28,European Commission - JRC,FGIV - Economic Analyst - Modeller (2026-JRC.D.4-SVQ-FGIV-003225),Seville,ES,https://recruitment.jrc.ec.europa.eu/vacancy/3226,E-policy,6,quant3+client0+sector1+sen1+loc1=6,none,none,marginal,2026-10-15,,new,,,manual review,"VERIFIED, posted 2026-09-24 (JRC API startDate) - confirmed fresh. Language: 'A very good level of written and spoken English (C1 level) is essential.' No German. Most econometrics-heavy posting found: MAGNET CGE modelling on GTAP, model code development. SENIORITY CAVEAT: eligibility is a PhD OR minimum 3 years research experience after first degree - he is roughly 1 year short on the non-PhD route. Requires prior registration for EPSO CAST Permanent FG IV or JRC Call COM/1/2015/GFIV before applying - that registration is the real lead time here."
026,2026-09-28,2026-09-28,Agora Think Tanks,Project Manager Global Steel Transformation (f/m/d),Berlin,DE,https://agora-thinktanks.jobs.personio.com/job/2805949?language=en,E-policy,6,quant2+client0+sector2+sen1+loc1=6,none,none,marginal,2026-10-11,,new,,,manual review,"VERIFIED, posted 2026-09-21 (Personio XML feed createdAt) - confirmed fresh. Language: 'Fluency in English; other language skills are a plus.' German not mentioned at all, notable for a Berlin think tank. EXPERIENCE CAVEAT: 'minimum 3 years of relevant work experience with industry topics' vs his ~2. Fixed-term 2 years, min 32h/week. Industrial decarbonisation modelling."
027,2026-09-28,2026-09-28,European Commission - DG COMP,"Case Handler Officer, Temporary Agent AD 5-7 (COMP/COM/2026/1856)",Brussels,BE,https://eu-careers.europa.eu/en/job-opportunities/case-handler-officer/comp-com-2026-1856,E-policy,6,quant1+client1+sector2+sen1+loc1=6,none,none,marginal,2026-10-02,,new,,,manual review,"VERIFIED. Posting date not stated on page; vacancy-notice PDF filed under the site's /2026-09/ directory so published September 2026, exact day unknown. Language: 'thorough knowledge (minimum level C1) of one of the 24 official languages AND satisfactory knowledge (minimum level B2) of a second' - Italian plus English satisfies this. PREREQUISITE GAP: the notice asks for 'practical experience in merger control', which he does not have - do not let the score carry this row. AD5 is the genuine entry grade. Apply by single PDF to COMP-TA-APPLICATION@ec.europa.eu, subject COMP/COM/2026/1856. Work is case/legal rather than econometric."
028,2026-09-28,2026-09-28,Accenture,Data & AI Strategy Analyst / Consultant - ICH Europe,Warsaw,PL,https://www.accenture.com/us-en/careers/jobdetails?id=R00307697_en,F-data-analytics,6,quant1+client2+sector0+sen2+loc1=6,none,none,yes,none stated,,new,,,manual review,"VERIFIED; apply route confirmed on the Workday mirror. Language: 'Excellent communication skills in English. Additional foreign language (e.g. German, French, Arabic) is a strong asset.' 'Minimum 1 year for Analyst role' - he clears it. Data/AI advisory rather than econometrics, and relocation to Poland. Posting date not shown."
029,2026-09-28,2026-09-28,zeb,Consultant - Digital Transformation and IT Strategy (f|m|x),Amsterdam,NL,https://career.zeb-consulting.com/jobs/job/Amsterdam-Consultant-Digital-Transformation-and-IT-Strategy-%28fmx%29/1416673733/,C-strategy,6,quant1+client2+sector0+sen2+loc1=6,none,none,yes,rolling,,new,,,manual review,"VERIFIED. Posted 2026-09-16 - confirmed fresh. Language: 'Excellent command of the English language (at least C1 level); Dutch language skills (ideally at least B2 level) are a plus, but not required.' Economics degree explicitly accepted. IT strategy, so light on econometrics."
030,2026-09-28,2026-09-28,ECSDA,Economic & Policy Officer,Brussels,BE,https://www.eurobrussels.com/job_display/296462/Economic_Policy_Officer_ECSDA_European_Central_Securities_Depositories_Association_Brussels_Belgium,E-policy,5,quant1+client0+sector1+sen2+loc1=5,none,none,yes,2026-09-30,,new,,,DECIDE BY 30 SEP,"VERIFIED via EuroBrussels (fetched three times); ECSDA's own vacancies page is robots-blocked so the posting text is only reachable via the aggregator, but the application route is the employer's own email, not an aggregator form. Posted ~2026-09-15/16. Language: 'Native or near-native professional level of written and spoken English' - no French or Dutch despite being Brussels. 'First professional experience of a few months or years' fits. Apply to jobs@ecsda.eu with CV plus one or two writing samples - the MSc thesis works. WEAK on quantitative content: policy work on securities-settlement harmonisation, no econometrics named. Start mid-to-late Oct 2026, which clashes with the 1 Feb 2027 contract end."
031,2026-09-28,2026-09-28,OC&C Strategy Consultants,Associate Consultant 2027-28 - Strategy (London Office),London,UK,https://careers.occstrategy.com/vacancies/388/associate-consultant-2027-28--strategy-london-office.html,C-strategy,5,quant1+client2+sector0+sen2+loc0=5,sponsorship_required,none,yes,2026-11-01,,new,,,log only - prefer 024,"VERIFIED. No language requirement stated; same March 2027 start option; 'You don't need previous consulting or business experience to join us.' MUTUALLY EXCLUSIVE with 024 - London applicants may apply to one Associate Consultant position only, and the Analytics stream (024) is the better fit. Recorded so the choice is visible, not to be drafted alongside 024."
032,2026-09-28,2026-09-28,Bain & Company,Associate Consultant,"~53 offices incl. Munich, Berlin, Duesseldorf, Frankfurt, London, Amsterdam",DE/UK/NL,https://www.bain.com/careers/find-a-role/position/?jobid=10397,C-strategy,5,quant1+client2+sector0+sen2+loc0=5,none,unverified,yes,varies by office,,new,,,CHECK LANGUAGE BEFORE DRAFTING,"VERIFIED; apply route reachable at careers.bain.com/recruits/signin?folderId=10397. Language line is non-specific: 'Fluency in English, along with additional language requirements for the office you're applying to' - no German level stated, and Bain Germany in practice expects German. Scored loc 0 for that risk; confirm with German recruiting before investing. 'Ideal for final-year undergraduates, non-MBA master's students, or early career professionals' - the last of those fits. 'Eligibility and application deadlines vary by office.'"
033,2026-09-28,2026-09-28,zeb,Consultant - quantitative Methods & Strategy (f|m|x),"Muenster, Hamburg, Munich, Berlin, Frankfurt, Vienna, Zurich, Warsaw",DE/AT/CH/PL,https://career.zeb-consulting.com/jobs/job/M%C3%BCnster-Consultant-quantitative-Methods-&-Strategy-%28fmx%29/744347201/,C-strategy,,blocked before scoring,none,business_german_required,yes,rolling,,flagged-language,,,,"VERIFIED live, posted 2026-09-14. 'Excellent command of the German language (at least C1 level, business-fluent proficiency).' Painful one: risk modelling, scenario analysis, Python/R/SQL - the closest technical match to his skillset found this sweep, blocked only by German."
034,2026-09-28,2026-09-28,EY-Parthenon,"Consultant Valuation, Modelling & Economics (Financial Services) (w/m/d)",Eschborn/Frankfurt,DE,https://careers.ey.com/ey/job/Eschborn-Frankfurt-%28Main%29-EY-Parthenon-Consultant-Valuation%2C-Modelling-&-Economics-%28Financial-Services%29-%28wmd%29-HE-65760/1208917501/,D-big4,,blocked before scoring,none,business_german_required,yes,rolling,,flagged-language,,,,"VERIFIED live, posted 2026-09-14. 'Sehr gute Kommunikationsfaehigkeiten in Deutsch und Englisch (jeweils mindestens C1-Niveau).' No prior valuation experience demanded, unusually - only internships 'wuenschenswert'."
035,2026-09-28,2026-09-28,L.E.K. Consulting,Munich Office - Associate (m/f/d) (Entry level) - Start March 2027,Munich,DE,https://lek.tal.net/vx/lang-en-GB/mobile-0/appcentre-1/brand-2/xf-7da31b7fc6e0/candidate/so/pm/1/pl/1/opp/4066-Munich-Office-Associate-m-f-d-Entry-level-position-Start-March-2027/en-GB,C-strategy,,blocked before scoring,none,business_german_required,yes,2026-10-25,,flagged-language,,,,VERIFIED live. 'Please note that fluency in both German and English are a requirement for this position.' March 2027 start would have been a clean handover from the 1 Feb 2027 contract end. Note the search-indexed short URL (.../opp/2651-...) hits a CAPTCHA wall; the URL recorded here is the one that loads.
036,2026-09-28,2026-09-28,Deloitte,(Promovierter) Volkswirt im Transfer Pricing (m/w/d),Munich and 10 other German cities,DE,https://jobs.deloitte.de/job/mehrere-Standorte-%28Promovierter%29-Volkswirt-im-Transfer-Pricing-%28mwd%29/1209409001/,D-big4,,blocked before scoring,none,business_german_required,yes,rolling,,flagged-language,,,,"VERIFIED live, Job ID 48986, posting date not shown. 'Deutsch und Englisch sehr gut in Wort und Schrift.' Doctorate optional, not mandatory. The only true 'economist' job title found in Germany this sweep."
037,2026-09-28,2026-09-28,Capgemini Invent,(Associate) Consultant Data Science & AI (m/w/d),Munich and 5 other German cities,DE,https://job-boards.eu.greenhouse.io/capgeminideutschlandgmbh/jobs/4635692101,F-data-analytics,,blocked before scoring,none,business_german_required,yes,rolling,,flagged-language,,,,"VERIFIED live. 'Fluency in both German and English is required (minimum level for each language is C1).' Note: this C1 clause appears to be a standard corporate line across Capgemini Invent's whole German board (109 postings), so the other entry-level (Associate) Consultant roles there are very likely blocked the same way."
038,2026-09-28,2026-09-28,Capgemini Invent,(Associate) Consultant Business Intelligence & Data Analytics (m/w/d),Munich and 5 other German cities,DE,https://job-boards.eu.greenhouse.io/capgeminideutschlandgmbh/jobs/4635628101,F-data-analytics,,blocked before scoring,none,business_german_required,yes,rolling,,flagged-language,,,,"VERIFIED live. 'exzellente Deutsch- (mindestens C1) und Englischkenntnisse.' BI/reporting rather than causal inference, so a weak fit even without the language block."
039,2026-09-28,2026-09-28,Accenture,Analyst Analytics / AI Strategy (all genders),Germany (no city named),DE,https://accenture.wd103.myworkdayjobs.com/en-US/AccentureCareers/job/Analyst-Analytics---AI-Strategy--all-genders-_R00314457,F-data-analytics,,blocked before scoring,none,business_german_required,yes,none stated,,flagged-language,,,,VERIFIED live. 'Fliessende Deutschkenntnisse sowie sehr gutes Englisch.' Entry level otherwise.
040,2026-09-28,2026-09-28,Prognos,Berater (d/m/w) Waermewende (ref. U3-02),Berlin,DE,https://jobs.prognos.com/76-berater-d-m-w-waermewende/de/job.html,B-energy,,blocked before scoring,none,business_german_required,yes,none stated,,flagged-language,,,,VERIFIED live with an active 'Jetzt bewerben!' button. 'Sie verfuegen ueber sehr gute Deutschkenntnisse in Wort und Schrift.' Genuinely entry-level ('erste Kenntnisse') and quantitative heat-transition modelling - would be a strong fit but for the language.
041,2026-09-28,2026-09-28,E.CA Economics,Senior Associate (m/f/d),Berlin,DE,https://e-ca.jobs.personio.de/job/369982?language=en,A-economic-consulting,,blocked before scoring,none,business_german_required,no,none stated,,flagged-language,,,,"VERIFIED live. 'Excellent command of English and German.' Also above level - Senior Associate. E.CA's whole board is three roles: Managing Consultant, this, and an intern."
042,2026-09-28,2026-09-28,Horvath,(Junior) Consultant (w/m/d) Controlling & Finance,Munich and 5 other German cities,DE,https://horvath.wd3.myworkdayjobs.com/en-US/Horvath_Careers/job/Consultant--m-w-d--Controlling---Finance_R000003-1,C-strategy,,blocked before scoring,none,business_german_required,yes,rolling,,flagged-language,,,,"VERIFIED live. 'Sichere Englisch- und Deutschkenntnisse.' Also wants a finance/controlling background he does not have, and the content is BI/reporting rather than economics. Weak fit on two counts beyond the language."
043,2026-09-28,2026-09-28,Stern Stewart & Co.,Associate (m/w/d),Munich,DE,https://www.sternstewart.com/karriere/Associate-mwd-de-j32.html,C-strategy,,blocked before scoring,none,business_german_required,no,rolling,,flagged-language,,,,"VERIFIED, apply route at .../Associate-mwd-de-f32.html. No explicit language line but the posting is entirely in German. Also a cohort problem: 'Dein Masterstudium neigt sich dem Ende zu' frames it for candidates finishing a Master's, not one completed in 2024, and it expects consulting/PE/audit internships."
044,2026-09-28,2026-09-28,Charles River Associates,[2027 Master's graduates] Consulting Associate (European Competition practice),London,UK,https://job-boards.greenhouse.io/charlesriverassociates/jobs/8186469,A-economic-consulting,,cohort mismatch - not scored,sponsorship_required,none,no,rolling,,no,,,,"VERIFIED live. COHORT MISMATCH: 'postgraduate qualification (MSc/MPhil) in economics from well-regarded institutions, graduating between December 2026 and August 2027'. His MSc completed 2024 falls outside that window. This is the Master's sibling of row 003; both cohort gates exclude him."
045,2026-09-28,2026-09-28,EBRD,"Analyst, Green Financial Systems",London,UK,https://jobs.ebrd.com/job/London-Analyst%2C-Green-Financial-Systems/1439511133/,E-policy,,seniority fail - not scored,none,none,no,2026-09-28,,no,,,,"VERIFIED, posted 2026-09-21, but DEADLINE WAS TODAY (2026-09-28) and the role is above level despite the 'Analyst' title: 'significant relevant, technical and commercial work experience' plus a track record managing consultants. Language: 'Excellent written/oral communication skills in English.' Visa note worth keeping: EBRD is an international organisation and arranges staff immigration itself, so its London roles are NOT a UK Skilled Worker sponsorship situation - relevant for future EBRD postings."
